ts_code,name,一级分类,二级分类,核心品种/管线,上市地备注,创新属性
600276.SH,恒瑞医药,创新药研发,化学小分子,卡瑞利珠/吡咯替尼/阿帕替尼/艾玛昔替尼,纯A股,Me-better+转型龙头
300558.SZ,贝达药业,创新药研发,化学小分子,埃克替尼/恩沙替尼,纯A股,国产首创靶向(三代EGFR跟随)
688578.SH,艾力斯,创新药研发,化学小分子,伏美替尼(三代EGFR),纯A股,Me-better
688321.SH,微芯生物,创新药研发,化学小分子,西达本胺/西格列他钠/西奥罗尼,纯A股,⭐全球FIC(原研标杆)
688192.SH,迪哲医药,创新药研发,化学小分子,舒沃替尼/戈利昔替尼,纯A股,⭐全球首创(中美双获批)
688382.SH,益方生物,创新药研发,化学小分子,格索雷塞(KRAS G12C),纯A股,⭐国产首个KRAS
688266.SH,泽璟制药,创新药研发,化学小分子,多纳非尼/杰克替尼,纯A股,国产首创肝癌靶向
688091.SH,上海谊众,创新药研发,化学小分子,紫杉醇胶束,纯A股,创新剂型
000766.SZ,通化金马,创新药研发,化学小分子,琥珀八氢氨吔啶(AD),纯A股,1类新药(靶点争议)
002294.SZ,信立泰,创新药研发,化学小分子,阿利沙坦/恩那司他,纯A股,心血管创新
688235.SH,百济神州,创新药研发,生物药/ADC,替雷利珠/泽布替尼,A+H股,全球化龙头(BIC)
688180.SH,君实生物,创新药研发,生物药/ADC,特瑞普利单抗/A特珠单抗,A+H股,PD-1出海
688331.SH,荣昌生物,创新药研发,生物药/ADC,维迪西妥单抗/泰它西普,A+H股,⭐国产首个ADC(原研)
688506.SH,百利天恒,创新药研发,生物药/ADC,BL-B01D1(双抗ADC)/BL-M07D1,纯A股,⭐全球首创双抗ADC
688520.SH,神州细胞,创新药研发,生物药/ADC,重组凝血因子VIII/抗体,纯A股,抗体平台
688336.SH,三生国健,创新药研发,生物药/ADC,益赛普/创新抗体,纯A股,自免抗体
688177.SH,百奥泰,创新药研发,生物药/ADC,阿达木类似药/创新ADC,纯A股,类似药+ADC
688062.SH,迈威生物,创新药研发,生物药/ADC,9MW2821(Nectin-4 ADC),纯A股,⭐国产首个Nectin-4 ADC
688443.SH,智翔金泰,创新药研发,生物药/ADC,赛立奇单抗/GR1801狂犬双抗,纯A股,⭐全球首个狂犬双抗
002773.SZ,康弘药业,创新药研发,生物药/ADC,康柏西普,纯A股,⭐国产首个抗VEGF融合蛋白
688136.SH,科兴制药,创新药研发,生物药/ADC,干扰素/EPO/重组蛋白,纯A股,传统重组蛋白
000661.SZ,长春高新,创新药研发,内分泌特药,生长激素,纯A股,内分泌龙头
600867.SH,通化东宝,创新药研发,内分泌特药,胰岛素及类似物,纯A股,糖尿病
603087.SH,甘李药业,创新药研发,内分泌特药,胰岛素类似物,纯A股,糖尿病
688278.SH,特宝生物,创新药研发,内分泌特药,派格宾(长效干扰素),纯A股,病毒/肾科
300009.SZ,安科生物,创新药研发,内分泌特药,生长因子/干扰素,纯A股,内分泌+生物药
603259.SH,药明康德,CXO,研发外包,小分子CDMO/CRO一体化,纯A股,一体化龙头(A+H双重主要)
300759.SZ,康龙化成,CXO,研发外包,临床前CRO,A+H股,临床前CRO
300347.SZ,泰格医药,CXO,研发外包,临床CRO,A+H股,临床CRO龙头
002821.SZ,凯莱英,CXO,研发外包,小分子CDMO,A+H股,CDMO
603456.SH,九洲药业,CXO,研发外包,CDMO,纯A股,CDMO
603127.SH,昭衍新药,CXO,研发外包,药物安全性评价,A+H股,安评龙头
688131.SH,皓元医药,CXO,研发外包,CDMO+分子砌块,纯A股,CDMO
688222.SH,成都先导,CXO,研发外包,DEL药物发现,纯A股,DEL技术
300122.SZ,智飞生物,疫苗,疫苗,HPV代理+重组疫苗,纯A股,疫苗代理龙头
300142.SZ,沃森生物,疫苗,疫苗,13价肺炎/HPV,纯A股,疫苗
300601.SZ,康泰生物,疫苗,疫苗,13价肺炎/乙肝,纯A股,疫苗
603392.SH,万泰生物,疫苗,疫苗,二价HPV,纯A股,疫苗
002007.SZ,华兰生物,疫苗,疫苗,流感疫苗+血液制品,纯A股,疫苗+血制品
688185.SH,康希诺,疫苗,疫苗,mRNA/腺病毒载体,A+H股,mRNA疫苗
688319.SH,欧林生物,疫苗,疫苗,重组疫苗,纯A股,疫苗
688739.SH,成大生物,疫苗,疫苗,狂犬疫苗,纯A股,疫苗
688276.SH,百克生物,疫苗,疫苗,带状疱疹/水痘,纯A股,疫苗
688526.SH,科前生物,疫苗,疫苗,禽用疫苗,纯A股,疫苗
002603.SZ,以岭药业,中药创新药,中成药,连花清瘟/通络,纯A股,中药创新
600535.SH,天士力,中药创新药,中成药,复方丹参滴丸,纯A股,中药创新
603858.SH,步长制药,中药创新药,中成药,中成药,纯A股,中药
600566.SH,济川药业,中药创新药,中成药,蒲地蓝,纯A股,中药
600196.SH,复星医药,综合药企,仿转创,综合+创新+License-in,纯A股,综合药企
000963.SZ,华东医药,综合药企,仿转创,医美+仿制+创新,纯A股,综合药企
002422.SZ,科伦药业,综合药企,仿转创,大输液+ADC(科伦博泰),纯A股,综合+ADC出海
002653.SZ,海思科,综合药企,仿转创,麻醉/肠外营养+环泊酚,纯A股,⭐环泊酚FIC麻醉
000513.SZ,丽珠集团,综合药企,仿转创,制剂+创新生物药,纯A股,综合
600380.SH,健康元,综合药企,仿转创,呼吸吸入制剂,纯A股,吸入制剂
002020.SZ,京新药业,综合药企,仿转创,精神类+仿制,纯A股,综合
002262.SZ,恩华药业,综合药企,仿转创,麻醉类,纯A股,麻醉
600521.SH,华海药业,综合药企,仿转创,原料药+制剂出口,纯A股,制剂出口
600216.SH,浙江医药,综合药企,仿转创,原料药+创新,纯A股,原料药+创新
688658.SH,悦康药业,综合药企,仿转创,仿制+创新,纯A股,综合
688513.SH,苑东生物,综合药企,仿转创,麻醉镇痛,纯A股,综合
688553.SH,汇宇制药,综合药企,仿转创,抗肿瘤注射剂,纯A股,综合
002019.SZ,亿帆医药,综合药企,仿转创,仿制+F627,纯A股,综合
600211.SH,西藏药业,综合药企,仿转创,新活素代理,纯A股,综合
002755.SZ,奥赛康,综合药企,仿转创,抗肿瘤仿制,纯A股,综合
688166.SH,博瑞医药,综合药企,仿转创,高端仿制+创新(BGC),纯A股,高端仿制+创新
688271.SH,联影医疗,医疗器械,影像设备,CT/MRI/PET-CT,纯A股,影像龙头
688301.SH,奕瑞科技,医疗器械,影像核心,探测器,纯A股,探测器
688617.SH,惠泰医疗,医疗器械,介入器械,电生理/外周介入,纯A股,电生理
688114.SH,华大智造,医疗器械,基因测序,测序仪,纯A股,基因测序
688029.SH,南微医学,医疗器械,内镜器械,内镜耗材,纯A股,内镜耗材
688016.SH,心脉医疗,医疗器械,介入器械,主动脉支架,纯A股,主动脉介入
688108.SH,赛诺医疗,医疗器械,介入器械,冠脉支架,纯A股,冠脉介入
688050.SH,爱博医疗,医疗器械,眼科器械,人工晶体,纯A股,眼科器械
688139.SH,海尔生物,医疗器械,低温存储,生物样本库,纯A股,低温存储
688277.SH,天智航,医疗器械,手术机器人,骨科机器人,纯A股,手术机器人
688351.SH,微电生理,医疗器械,电生理,电生理导管,纯A股,电生理
688198.SH,佰仁医疗,医疗器械,植入器械,心脏瓣膜,纯A股,心脏瓣膜
688626.SH,翔宇医疗,医疗器械,康复器械,康复设备,纯A股,康复器械
688161.SH,威高骨科,医疗器械,骨科耗材,骨科植入物,纯A股,骨科耗材
688068.SH,体外诊断,IVD,抗原检测,热景生物,纯A股,IVD
688289.SH,体外诊断,IVD,分子诊断,圣湘生物,纯A股,IVD
688575.SH,体外诊断,IVD,化学发光,亚辉龙,纯A股,IVD
688656.SH,体外诊断,IVD,过敏检测,浩欧博,纯A股,IVD
688363.SH,医美/合成生物,功能性护肤,透明质酸,华熙生物,纯A股,透明质酸龙头
688639.SH,医美/合成生物,合成生物学,氨基酸,华恒生物,纯A股,合成生物
688105.SH,医美/合成生物,分子酶,分子酶试剂,诺唯赞,纯A股,分子酶
688758.SH,医美/合成生物,色谱填料,色谱填料,赛分科技,纯A股,色谱填料
