ts_code,name,case_id,violation_type,window_start,window_end,total_alert_days,total_alerts,alert_types,D1_days,D2_days,D3_days,D4_days,D5_days,D6_days,D7_days,D8_days,D9_days,D10_days,D11_days,D12_days,D13_days,D14_days,max_vol_ratio,max_turnover_rate,max_amplitude,min_vol_ratio_ma60,max_turnover_slope,max_days_above_ma20,max_avg_vol_ratio,risk_level,accumulation_signal
000903.SZ,云内动力,〔2021〕101号、〔2021〕102号,操纵市场,20200211,20200401,37,81,"D10,D11,D12,D14,D9",0,0,0,0,0,0,0,0,4,2,11,37,0,27,7.15,,,,1.668,10,2.74,高,建仓特征显著
000990.SZ,诚志股份,〔2021〕47号,操纵市场,20190209,20190331,35,77,"D10,D11,D12,D13,D14,D8,D9",0,0,0,0,0,0,0,1,7,2,11,35,1,20,10.41,0.35,0.0,0.35,1.838,9,3.36,高,建仓特征显著
600307.SH,酒钢宏兴,〔2023〕36号,操纵市场,20150314,20150503,33,93,"D10,D11,D12,D14,D9",0,0,0,0,0,0,0,0,16,8,9,33,0,27,7.23,,,,0.834,10,2.64,高,建仓特征显著
300119.SZ,瑞普生物,〔2021〕116号,操纵市场,20190302,20190421,32,50,"D11,D12,D14,D9",0,0,0,0,0,0,0,0,4,0,6,21,0,19,3.91,,,,0.911,10,2.49,高,建仓特征显著
300313.SZ,天山生物,〔2021〕76号,操纵市场,20200720,20200908,32,60,"D10,D11,D12,D14,D9",0,0,0,0,0,0,0,0,6,1,6,30,0,17,4.11,,,,1.508,10,2.68,高,建仓特征显著
603042.SH,华脉科技,〔2024〕88号,操纵市场,20230128,20230319,31,68,"D10,D11,D12,D13,D14,D9",0,0,0,0,0,0,0,0,8,7,12,25,5,11,10.9,,,,4.691,9,3.77,高,建仓特征显著
000812.SZ,陕西金叶,〔2023〕8号,操纵市场,20181022,20181211,30,49,"D10,D11,D12,D14,D9",0,0,0,0,0,0,0,0,7,3,4,27,0,8,2.53,,,,0.687,8,2.69,高,建仓特征显著
002403.SZ,爱仕达,〔2024〕47号,操纵市场,20220327,20220516,30,58,"D10,D11,D12,D14,D9",0,0,0,0,0,0,0,0,6,4,9,20,0,19,3.92,,,,1.114,9,2.72,高,建仓特征显著
300341.SZ,麦迪电气,〔2023〕44号,操纵市场,20170610,20170730,30,81,"D10,D11,D12,D13,D14,D9",0,0,0,0,0,0,0,0,16,14,5,29,4,13,3.13,,,,0.278,10,2.51,高,建仓特征显著
300343.SZ,联创股份,〔2024〕7号,操纵市场,20210612,20210801,30,50,"D12,D14,D9",0,0,0,0,0,0,0,0,1,0,0,28,0,21,3.82,,,,,10,2.44,高,建仓特征显著
000703.SZ,恒逸石化,〔2024〕3号、〔2024〕4号、〔2024〕5号,操纵市场,20171119,20180108,29,71,"D10,D11,D12,D14,D9",0,0,0,0,0,0,0,0,10,3,2,29,0,27,3.91,,,,0.167,10,2.09,高,建仓特征显著
002890.SZ,弘宇股份,〔2021〕38号,操纵市场,20180228,20180419,29,53,"D10,D11,D12,D14,D9",0,0,0,0,0,0,0,0,10,2,3,28,0,10,3.87,,,,0.36,10,2.22,高,建仓特征显著
300378.SZ,鼎捷软件,〔2021〕116号,操纵市场,20190212,20190403,29,52,"D10,D11,D12,D14,D9",0,0,0,0,0,0,0,0,9,3,6,22,0,12,2.47,,,,0.416,10,1.81,高,建仓特征显著
600719.SH,大连热电,〔2022〕64号,操纵市场,20200226,20200416,29,51,"D10,D11,D12,D13,D14,D8,D9",0,0,0,0,0,0,0,2,3,2,7,24,3,10,2.4,0.5,2.1,0.37,0.781,9,2.24,高,建仓特征显著
603613.SH,国联股份,〔2022〕45号,操纵市场,20201212,20210131,29,33,"D11,D12,D9",0,0,0,0,0,0,0,0,2,0,2,29,0,0,1.58,,,,0.221,8,1.26,高,建仓特征显著
300587.SZ,天铁股份,〔2021〕116号,操纵市场,20181119,20190108,28,45,"D10,D11,D12,D13,D8,D9",0,0,0,0,0,0,0,7,8,5,7,15,3,0,2.42,1.66,2.57,0.3,0.471,9,1.84,高,建仓特征显著
603665.SH,康隆达,〔2024〕6号,操纵市场,20170821,20171010,28,48,"D10,D11,D12,D13,D9",0,0,0,0,0,0,0,0,10,5,7,24,2,0,2.04,,,,0.705,9,2.03,高,建仓特征显著
000958.SZ,东方能源,〔2021〕119号、〔2021〕120号、〔2021〕122号,操纵市场,20190119,20190310,27,59,"D10,D11,D12,D14,D9",0,0,0,0,0,0,0,0,6,4,7,19,0,23,3.72,,,,0.45,9,2.51,高,建仓特征显著
000985.SZ,大庆华科,〔2022〕64号,操纵市场,20200603,20200723,27,40,"D10,D11,D12,D9",0,0,0,0,0,0,0,0,8,2,4,26,0,0,2.28,,,,0.28,10,1.74,高,建仓特征显著
600211.SH,西藏药业,〔2023〕22号、〔2023〕23号,操纵市场,20200425,20200614,27,37,"D10,D11,D12,D14,D9",0,0,0,0,0,0,0,0,5,1,6,24,0,1,2.07,,,,0.464,10,1.74,高,建仓特征显著
600300.SH,维维股份,〔2023〕36号,操纵市场,20170911,20171031,27,51,"D10,D11,D12,D13,D14,D8,D9",0,0,0,0,0,0,0,5,6,4,7,20,1,8,2.55,0.59,1.72,0.26,0.455,10,2.8,高,建仓特征显著
603055.SH,台华新材,,操纵市场,20190821,20191010,26,75,"D10,D11,D12,D13,D14,D8,D9",0,0,0,0,0,0,0,1,13,14,7,23,10,7,3.64,0.75,1.18,0.42,0.514,10,3.13,高,建仓特征显著
603136.SH,天目湖,,操纵市场,20190703,20190822,26,37,"D10,D11,D12,D8,D9",0,0,0,0,0,0,0,5,4,1,9,18,0,0,2.06,1.28,2.25,0.35,1.461,9,2.58,高,建仓特征显著
603822.SH,嘉澳环保,〔2021〕116号,操纵市场,20181215,20190203,26,62,"D10,D11,D12,D13,D14,D8,D9",0,0,0,0,0,0,0,1,11,12,6,24,2,6,3.02,0.62,1.76,0.49,0.213,9,2.42,高,建仓特征显著
603937.SH,丽岛新材,〔2023〕49号,操纵市场,20200223,20200413,26,56,"D10,D11,D12,D13,D9",0,0,0,0,0,0,0,0,15,9,5,24,3,0,2.14,,,,0.477,9,1.81,高,建仓特征显著
000538.SZ,云南白药,〔2021〕17号,操纵市场,20180717,20180905,25,38,"D10,D12,D13,D8,D9",0,0,0,0,0,0,0,1,8,4,0,22,3,0,1.97,0.12,1.46,0.34,,10,1.61,高,建仓特征显著
603908.SH,牧高笛,,操纵市场,20190316,20190505,25,42,"D10,D12,D13,D14,D9",0,0,0,0,0,0,0,0,3,1,0,21,3,14,3.09,,,,,10,1.66,高,建仓特征显著
600281.SH,太化股份,〔2023〕36号,操纵市场,20150516,20150705,24,30,"D11,D12,D9",0,0,0,0,0,0,0,0,4,0,3,23,0,0,1.57,,,,0.429,9,1.32,高,建仓特征显著
603116.SH,红蜻蜓,〔2024〕6号,操纵市场,20170624,20170813,24,41,"D10,D11,D12,D13,D8,D9",0,0,0,0,0,0,0,1,9,6,4,19,2,0,1.79,0.63,0.7,0.49,0.231,8,1.7,高,建仓特征显著
002711.SZ,欧浦智网,〔2021〕97号,操纵市场,20180428,20180617,23,29,"D10,D12,D13,D8,D9",0,0,0,0,0,0,0,11,4,3,0,10,1,0,2.22,0.48,2.21,0.16,,5,1.36,高,建仓特征显著
002752.SZ,昇兴股份,〔2022〕61号,操纵市场,20191110,20191230,23,29,"D10,D12,D14,D8,D9",0,0,0,0,0,0,0,3,5,1,0,13,0,7,2.84,0.15,1.77,0.37,,8,1.63,高,建仓特征显著
600251.SH,冠农股份,〔2023〕36号,操纵市场,20170628,20170817,23,39,"D11,D12,D14,D9",0,0,0,0,0,0,0,0,7,0,1,13,0,18,3.78,,,,0.178,7,2.13,高,建仓特征显著
600488.SH,天药股份,〔2023〕44号,操纵市场,20180318,20180507,23,39,"D10,D12,D13,D14,D9",0,0,0,0,0,0,0,0,6,3,0,16,1,13,2.68,,,,,9,3.05,高,建仓特征显著
601368.SH,绿城水务,〔2022〕64号,操纵市场,20200407,20200527,23,30,"D10,D11,D12,D13,D14,D8,D9",0,0,0,0,0,0,0,7,2,2,4,13,1,1,2.14,0.23,1.55,0.32,0.355,6,2.68,高,建仓特征显著
000723.SZ,美锦能源,〔2023〕36号,操纵市场,20150429,20150618,22,23,"D12,D8,D9",0,0,0,0,0,0,0,1,1,0,0,21,0,0,1.41,0.82,0.0,0.11,,7,1.38,高,建仓特征显著
600116.SH,三峡水利,〔2023〕13号、〔2023〕14号、〔2023〕15号、〔2023〕16号,操纵市场,20181225,20190213,22,64,"D10,D12,D13,D14,D8,D9",0,0,0,0,0,0,0,4,13,16,0,15,14,2,2.49,0.22,1.44,0.28,,10,2.28,高,建仓特征显著
600243.SH,青海华鼎,,操纵市场,20190213,20190404,22,35,"D10,D12,D14,D9",0,0,0,0,0,0,0,0,9,3,0,20,0,3,2.31,,,,,9,1.64,高,建仓特征显著
600306.SH,商业城,,操纵市场,20200204,20200325,22,38,"D10,D11,D12,D14,D9",0,0,0,0,0,0,0,0,5,1,7,19,0,6,2.43,,,,0.573,9,2.12,高,建仓特征显著
603036.SH,如通股份,,操纵市场,20190724,20190912,22,29,"D11,D12,D8,D9",0,0,0,0,0,0,0,4,3,0,9,13,0,0,1.94,1.39,1.52,0.35,1.091,8,2.01,高,建仓特征显著
603178.SH,圣龙股份,〔2021〕124号,操纵市场,20190119,20190310,22,39,"D10,D11,D12,D14,D9",0,0,0,0,0,0,0,0,5,1,9,18,0,6,2.92,,,,0.657,8,1.74,高,建仓特征显著
603321.SH,梅轮电梯,〔2021〕127号,操纵市场,20181225,20190213,22,41,"D10,D11,D12,D14,D9",0,0,0,0,0,0,0,0,4,1,10,16,0,10,4.04,,,,2.813,10,2.82,高,建仓特征显著
688068.SH,热景生物,〔2022〕42号、〔2022〕43号,操纵市场,20201121,20210110,22,29,"D11,D12,D9",0,0,0,0,0,0,0,0,3,0,6,20,0,0,1.5,,,,0.483,8,1.61,高,建仓特征显著
600853.SH,龙建股份,〔2023〕44号,操纵市场,20181020,20181209,21,25,"D10,D12,D14,D8,D9",0,0,0,0,0,0,0,2,5,3,0,9,0,6,2.79,0.51,1.79,0.4,,7,1.44,高,建仓特征显著
601226.SH,华电重工,〔2023〕44号,操纵市场,20180818,20181007,21,32,"D10,D12,D14,D8,D9",0,0,0,0,0,0,0,7,3,2,0,7,0,13,2.85,0.11,2.05,0.36,,7,1.95,高,建仓特征显著
603239.SH,浙江仙通,,操纵市场,20190511,20190630,21,27,"D11,D12,D8,D9",0,0,0,0,0,0,0,3,3,0,7,14,0,0,1.48,1.91,2.85,0.41,1.206,9,2.0,高,建仓特征显著
603721.SH,中广天择,〔2023〕44号,操纵市场,20180217,20180408,21,40,"D10,D11,D12,D14,D9",0,0,0,0,0,0,0,0,10,3,4,19,0,4,2.77,,,,0.999,10,1.89,高,建仓特征显著
603809.SH,豪能股份,,操纵市场,20190813,20191002,21,46,"D11,D12,D14,D9",0,0,0,0,0,0,0,0,5,0,12,18,0,11,3.64,,,,1.3,9,2.26,高,建仓特征显著
300263.SZ,隆华节能,〔2023〕36号,操纵市场,20170617,20170806,20,31,"D10,D11,D12,D14,D9",0,0,0,0,0,0,0,0,5,2,2,17,0,5,2.43,,,,0.871,9,1.67,高,建仓特征显著
603877.SH,太平鸟,〔2024〕6号,操纵市场,20170527,20170716,20,23,"D10,D11,D12,D9",0,0,0,0,0,0,0,0,6,2,1,14,0,0,2.49,,,,0.313,7,1.87,高,建仓特征显著
600793.SH,宜宾纸业,〔2022〕64号,操纵市场,20200328,20200517,19,28,"D10,D11,D12,D9",0,0,0,0,0,0,0,0,4,1,7,16,0,0,1.63,,,,0.645,7,1.6,高,建仓特征显著
603090.SH,宏盛股份,,操纵市场,20190701,20190820,19,42,"D10,D11,D12,D14,D9",0,0,0,0,0,0,0,0,8,2,8,18,0,6,3.36,,,,1.506,9,2.74,高,建仓特征显著
603388.SH,元成股份,〔2021〕84号,内幕交易,20170526,20170715,19,23,"D12,D14,D9",0,0,0,0,0,0,0,0,1,0,0,14,0,8,2.81,,,,,9,2.12,高,建仓特征显著
603586.SH,金麒麟,〔2024〕6号,操纵市场,20170723,20170911,19,47,"D10,D11,D12,D13,D8,D9",0,0,0,0,0,0,0,1,9,8,5,16,8,0,2.37,1.89,1.14,0.34,0.529,10,2.25,高,建仓特征显著
603677.SH,奇精机械,,操纵市场,20190622,20190811,19,27,"D11,D12,D8,D9",0,0,0,0,0,0,0,2,2,0,6,17,0,0,1.39,1.71,2.14,0.38,1.047,8,1.86,高,建仓特征显著
002044.SZ,美年健康,〔2021〕105号,操纵市场,20190630,20190819,18,21,"D12,D8,D9",0,0,0,0,0,0,0,1,3,0,0,17,0,0,1.34,0.27,1.78,0.47,,8,1.36,高,建仓特征显著
002147.SZ,新光圆成,〔2021〕111号,操纵市场,20171119,20180108,18,29,"D10,D11,D12,D13,D8,D9",0,0,0,0,0,0,0,5,8,4,1,9,2,0,2.49,0.21,1.71,0.36,0.212,7,2.12,高,建仓特征显著
002493.SZ,荣盛石化,〔2024〕59号、〔2024〕60号、〔2024〕62号,操纵市场,20230109,20230228,18,23,"D10,D12,D14,D9",0,0,0,0,0,0,0,0,4,2,0,15,0,2,2.14,,,,,10,1.79,高,建仓特征显著
600333.SH,长春燃气,〔2023〕33号,操纵市场,20170109,20170228,18,41,"D10,D11,D12,D14,D8,D9",0,0,0,0,0,0,0,2,6,3,8,13,0,9,5.66,0.67,1.46,0.37,1.864,10,3.38,高,建仓特征显著
603008.SH,喜临门,〔2021〕72号,操纵市场,20180909,20181029,18,36,"D11,D12,D14,D8,D9",0,0,0,0,0,0,0,2,5,0,5,16,0,8,3.8,0.41,2.06,0.37,0.426,10,2.57,高,建仓特征显著
002178.SZ,延华智能,〔2023〕17号,操纵市场,20171121,20180110,17,26,"D10,D12,D13,D8,D9",0,0,0,0,0,0,0,2,6,3,0,14,1,0,2.04,0.39,0.86,0.4,,8,1.4,高,建仓特征显著
002319.SZ,乐通股份,〔2021〕45号,操纵市场,20180620,20180809,17,19,"D12,D8,D9",0,0,0,0,0,0,0,3,8,0,0,8,0,0,2.03,0.18,2.79,0.29,,6,1.3,高,建仓特征显著
002464.SZ,众应互联,〔2021〕5号,操纵市场,20171001,20171120,17,18,"D11,D12,D8,D9",0,0,0,0,0,0,0,4,1,0,2,11,0,0,1.39,1.03,2.99,0.33,0.165,7,1.64,高,建仓特征显著
300605.SZ,恒锋信息,〔2023〕44号,操纵市场,20171203,20180122,17,19,"D11,D12,D8,D9",0,0,0,0,0,0,0,3,5,0,2,9,0,0,1.99,1.72,1.95,0.43,0.192,5,1.16,高,建仓特征显著
600587.SH,新华医疗,〔2021〕49号,操纵市场,20180225,20180416,17,24,"D10,D11,D12,D14,D9",0,0,0,0,0,0,0,0,4,1,2,14,0,3,2.27,,,,0.168,9,2.46,高,建仓特征显著
603238.SH,诺邦股份,〔2021〕124号,操纵市场,20181121,20190110,17,25,"D10,D11,D12,D8,D9",0,0,0,0,0,0,0,1,3,1,9,11,0,0,1.44,1.16,1.93,0.41,0.719,6,1.8,高,建仓特征显著
603319.SH,湘油泵,〔2024〕54号,操纵市场,20170514,20170703,17,28,"D10,D11,D12,D14,D8,D9",0,0,0,0,0,0,0,1,3,1,2,15,0,6,3.53,1.52,2.45,0.21,2.235,10,2.97,高,建仓特征显著
002713.SZ,东易日盛,〔2024〕47号,操纵市场,20220405,20220525,16,35,"D10,D11,D12,D14,D8,D9",0,0,0,0,0,0,0,1,2,2,8,16,0,6,3.63,0.46,0.0,0.37,0.823,8,2.63,高,建仓特征显著
603767.SH,中马传动,〔2024〕6号,操纵市场,20180204,20180326,16,30,"D10,D11,D12,D9",0,0,0,0,0,0,0,0,5,3,9,13,0,0,2.14,,,,0.587,9,1.76,高,建仓特征显著
603985.SH,恒润股份,〔2024〕6号,操纵市场,20180204,20180326,16,23,"D10,D11,D12,D8,D9",0,0,0,0,0,0,0,3,7,2,1,10,0,0,1.71,1.34,1.59,0.46,0.192,6,1.55,高,建仓特征显著
300125.SZ,聆达股份,〔2024〕48号,内幕交易,20220521,20220710,15,26,"D10,D11,D12,D9",0,0,0,0,0,0,0,0,4,2,6,14,0,0,1.69,,,,0.282,10,1.76,高,建仓特征显著
600561.SH,江西长运,,操纵市场,20191026,20191215,15,25,"D10,D11,D12,D13,D8,D9",0,0,0,0,0,0,0,2,5,3,3,11,1,0,2.49,0.33,1.95,0.34,0.335,9,2.16,高,建仓特征显著
603159.SH,上海亚虹,〔2024〕6号,操纵市场,20180204,20180326,15,22,"D11,D12,D9",0,0,0,0,0,0,0,0,4,0,7,11,0,0,1.74,,,,1.157,8,1.9,高,建仓特征显著
603555.SH,贵人鸟,〔2023〕36号,操纵市场,20150415,20150604,15,18,"D11,D12,D9",0,0,0,0,0,0,0,0,5,0,1,12,0,0,1.61,,,,0.242,7,1.16,高,建仓特征显著
603679.SH,华体科技,〔2024〕55号,操纵市场,20170618,20170807,15,15,"D11,D12",0,0,0,0,0,0,0,0,0,0,6,9,0,0,,,,,7.575,7,1.03,高,疑似建仓
603758.SH,秦安股份,〔2024〕6号,操纵市场,20180204,20180326,15,27,"D10,D11,D12,D8,D9",0,0,0,0,0,0,0,1,6,1,7,12,0,0,2.26,1.71,1.52,0.35,0.915,10,2.15,高,建仓特征显著
603926.SH,铁流股份,〔2024〕6号,操纵市场,20170716,20170904,15,24,"D11,D12,D14,D9",0,0,0,0,0,0,0,0,5,0,5,13,0,1,2.29,,,,1.81,9,2.2,高,建仓特征显著
002331.SZ,皖通科技,〔2021〕4号,操纵市场,20180908,20181028,14,15,"D12,D14,D8,D9",0,0,0,0,0,0,0,9,2,0,0,3,0,1,2.19,0.93,4.6,0.3,,5,1.13,高,建仓特征显著
600982.SH,宁波热电,〔2022〕64号,操纵市场,20200413,20200602,14,25,"D10,D11,D12,D13,D14,D9",0,0,0,0,0,0,0,0,6,4,3,9,1,2,2.76,,,,0.388,9,2.59,高,建仓特征显著
603218.SH,日月股份,〔2024〕6号,操纵市场,20170620,20170809,14,18,"D10,D11,D12,D9",0,0,0,0,0,0,0,0,4,1,2,11,0,0,1.99,,,,0.315,7,1.52,高,建仓特征显著
300250.SZ,初灵信息,〔2023〕44号,操纵市场,20170711,20170830,13,21,"D11,D12,D8,D9",0,0,0,0,0,0,0,3,6,0,3,9,0,0,2.49,0.82,2.28,0.38,0.276,7,1.46,高,建仓特征显著
603058.SH,永吉股份,,操纵市场,20200315,20200504,13,24,"D10,D11,D12,D9",0,0,0,0,0,0,0,0,4,3,5,12,0,0,2.06,,,,0.416,9,2.79,高,建仓特征显著
603577.SH,汇金通,,操纵市场,20170204,20170326,13,17,"D12,D9",0,0,0,0,0,0,0,0,6,0,0,11,0,0,2.47,,,,,10,1.97,高,疑似建仓
603007.SH,花王股份,〔2024〕22号,内幕交易,20161106,20161226,12,13,"D12,D9",0,0,0,0,0,0,0,0,1,0,0,12,0,0,1.67,,,,,9,1.63,高,疑似建仓
603286.SH,日盈电子,〔2024〕55号,操纵市场,20170717,20170905,11,12,"D10,D12,D9",0,0,0,0,0,0,0,0,3,1,0,8,0,0,1.66,,,,,10,1.6,高,建仓特征显著
603518.SH,维格娜丝,〔2024〕6号,操纵市场,20170625,20170814,11,23,"D10,D11,D12,D8,D9",0,0,0,0,0,0,0,1,5,4,5,8,0,0,2.22,0.81,2.25,0.5,0.273,8,1.83,高,建仓特征显著
000530.SZ,冰山冷热,〔2024〕29号,内幕交易,20220521,20220710,10,14,"D11,D12,D9",0,0,0,0,0,0,0,0,2,0,4,8,0,0,1.52,,,,2.241,8,1.95,高,建仓特征显著
300256.SZ,*ST星星,〔2024〕17号,操纵市场,20211018,20211207,10,12,"D11,D12,D8",0,0,0,0,0,0,0,1,0,0,3,8,0,0,,1.95,2.69,0.31,0.47,7,1.32,高,建仓特征显著
000659.SZ,*ST中富,〔2021〕93号、〔2021〕94号,操纵市场,20150809,20150928,9,13,"D11,D12,D9",0,0,0,0,0,0,0,0,3,0,2,8,0,0,2.38,,,,0.595,6,1.26,高,建仓特征显著
002093.SZ,国脉科技,〔2023〕36号,操纵市场,20150815,20151004,9,10,"D12,D8,D9",0,0,0,0,0,0,0,1,1,0,0,8,0,0,2.41,1.71,3.31,0.31,,7,1.43,高,建仓特征显著
603139.SH,康惠制药,〔2021〕123号、〔2024〕53号,操纵市场,20170527,20170716,8,17,"D10,D12,D13,D9",0,0,0,0,0,0,0,0,5,2,0,6,4,0,2.12,,,,,9,2.01,高,建仓特征显著
000683.SZ,远兴能源,〔2023〕36号,操纵市场,20170501,20170620,5,5,"D8,D9",0,0,0,0,0,0,0,3,2,0,0,0,0,0,1.34,0.86,2.24,0.37,,0,,中,疑似建仓
002418.SZ,康盛股份,〔2024〕53号,操纵市场,20170624,20170813,5,7,"D10,D11,D9",0,0,0,0,0,0,0,0,2,1,4,0,0,0,1.34,,,,0.3,0,1.26,中,建仓特征显著
