ts_code,name,FIC品种,靶点/模态,适应症,当前研发阶段,上市前剩余关键步骤,剩余步骤数,最新进展事件,进展日期,下一关键节点,预期时间,信息来源,数据截止日,顺利上市时间,正常上市时间,拖延上市时间,估算依据
688506.SH,百利天恒,BL-B01D1(宜泽康),EGFR×HER3双抗ADC,鼻咽癌(后线),已获批上市,商业化放量/新适应症审批,0,鼻咽癌后线获批上市,2026-06-22,食管鳞癌/三阴乳腺癌NDA审评,2026下半年,公司公告+国家药监局,2026-07-12,已上市(2026-06),已上市(2026-06),已上市(2026-06),鼻咽癌已兑现；新适应症按NDA受理后12-18个月
688506.SH,百利天恒,BL-M07D1,HER2 ADC,HER2乳腺癌(新辅助/术后辅助),III期临床(多项并行入组中),完成III期入组/或走附条件->NDA->获批,3,单药III期+术后辅助III期+对标DS-8201 II期并行,2026-07,最早III期读出或II期附条件报产,2027-2028,公司公告,2026-07-12,2028上半年,2028下半年,2030,加速路径:大适应症多中心并行+对标DS-8201 II期可附条件批准；顺利=II期附条件报产4+4月；正常=III期入组1.5年+数据+NDA6月；拖延=完整III期+发补
688506.SH,百利天恒,BL-M14D1,DLL3 ADC,小细胞肺癌(广泛期),III期刚启动+II期数据亮眼,II期附条件报产或III期->NDA->获批,3,III期启动+ASCO二线ORR78.6%/PFS8.1月,2026-06,单臂II期报产或III期入组推进,2027-2028,公司公告+ASCO,2026-07-12,2028下半年,2029上半年,2031,加速路径:ORR78.6%亮眼+罕见瘤种符合附条件批准；顺利=单臂II期报产3+4月；正常=补充数据+优先审评6月；拖延=完整III期3年+发补；DLL3风险已部分证伪下调
9926.HK,康方生物,AK112(依沃西),PD-1/VEGF双抗,NSCLC一线等实体瘤,国内NDA报产中+美国BLA已受理,NDA审评->获批(国内);FDA审评->获批(美国),2,HARMONI-6 ASCO公布OS数据+FDA受理BLA+5次突破性疗法,2026-05-31,国内NDA获批/美国BLA审评,国内2026年内/美国2027,公司公告+ASCO+FDA,2026-07-12,2026Q4(国内)/2027Q1(美国),2027上半年(国内)/2027下半年(美国),2028,国内NDA已报产+5次突破性疗法优先审评6月；美国BLA已受理标准10-12月；加速:突破性可优先审评；拖延含CRL发补
6990.HK,科伦博泰,SKB264(芦康沙妥珠),Trop2 ADC,三阴乳腺癌/NSCLC,已获批(三阴乳癌)+III期(多癌种),新适应症NDA->获批,1,三阴乳腺癌获批上市,2024-11,NSCLC等新适应症III期(默沙东17项全球III期),2026-2027,公司公告+默沙东,2026-07-12,已上市(三阴乳癌2024-11),2026下半年(NSCLC),2028,核心已兑现；NSCLC新适应症默沙东17项III期推进+突破性疗法可加速->2026读出->NDA->优先审评
6855.HK,亚盛医药,奥雷巴替尼,三代BCR-ABL,慢粒(CML T315I),国内已获批+美国FDA批准全球注册III期,完成FDA全球III期->BLA->获批(美国),3,获FDA批准全球注册III期+武田BD(最高13亿美元)+纳斯达克上市,2024-02-14,FDA全球III期推进/武田行权,2026-2027,公司公告+FDA,2026-07-12,国内已上市,2027下半年(美国),2029,国内已兑现；美国III期2024启动+罕见突变+RPDD/RMAT可加速->入组2年->BLA加速批准6-8月；拖延含武田行权不确定
688321.SH,微芯生物,西格列他钠,PPAR全激动剂,2型糖尿病(已上市)+MASH(II期),已获批(糖尿病)+II期(MASH),MASH:III期->NDA->获批,4,糖尿病适应症获批+医保;MASH II期结果2024AASLD口头报告,2024,MASH III期启动/推进,2026起,公司公告+AASLD,2026-07-12,糖尿病已上市,2029(MASH),2032,糖尿病已兑现；MASH无加速路径(终点复杂慢病)->III期启动1年+入组2.5年(慢病)+NDA+12月；MASH终点复杂易拖延
688192.SH,迪哲医药,舒沃替尼,EGFR exon20ins TKI,NSCLC一线(EGFR exon20ins),III期达终点(报产中),NDA审评->获批,2,WU-KONG28 III期达主要终点,2026-03,国内一线NDA递交,待公告,公司公告+ASCO,2026-07-12,2026Q4,2027Q1,2028,III期2026-03达终点+NDA递交+突破性疗法优先审评6月；拖延含CDE要求补充数据
688382.SH,益方生物,格索雷塞(D-1553),KRAS G12C,NSCLC二线,已获批上市(安方宁),后续适应症拓展,0,获批上市+纳入医保,2024-11,后续适应症/联合疗法,暂无公开日期,公司公告,2026-07-12,已上市(2024-11),已上市(2024-11),已上市(2024-11),核心已兑现；后续适应症待III期推进
688443.SH,智翔金泰,GR1801(金速希),狂犬病双抗,狂犬病被动免疫,已获批上市,商业化放量,0,获批上市(金速希),2026-06-22,GR1802(自免适应症)申报,2026起,公司公告+国家药监局,2026-07-12,已上市(2026-06),已上市(2026-06),已上市(2026-06),核心已兑现；GR1802自免适应症按各适应症III期节奏
688062.SH,迈威生物,9MW2821,Nectin-4 ADC,尿路上皮癌等,III期(入组超1900例),完成III期->NDA->获批,3,III期入组推进+FDA快速通道+突破性疗法,2026-06,2项适应症NDA递交,2026年内,公司公告+ESMO,2026-07-12,2027上半年,2027下半年,2030,加速路径:III期入组近完成+FDA快速通道+突破性疗法；顺利=2026数据+NDA3月+优先审评4月；正常=NDA6月+优先审评6月；拖延=发补/适应症收窄
002773.SZ,康弘药业,康柏西普,抗VEGF融合蛋白,湿性AMD等眼科,已获批上市,新适应症拓展,0,国内长期销售,已兑现,海外再出海/新适应症,暂无公开日期,公司公告,2026-07-12,已上市,已上市,已上市,核心已兑现；海外曾III期失败，再出海需重做
688331.SH,荣昌生物,维迪西妥单抗,HER2 ADC,胃癌/乳腺癌/尿路上皮癌,已获批上市,新适应症III期->NDA,1,乳腺癌适应症获批,2026,新适应症(HER2低表达胃癌)III期,2026-2027,公司公告,2026-07-12,已上市,2027(新适应症),2029,核心已兑现；HER2低表达胃癌III期+突破性疗法可加速->数据->NDA->优先审评；竞争激烈(Enhertu)可能影响推进优先级
688266.SH,泽璟制药,杰克替尼(吉卡昔替尼),JAK1/3,骨髓纤维化/斑秃,已获批(斑秃)+NDA受理(骨髓纤维化),骨髓纤维化NDA审评->获批,1,重度斑秃获批上市,2026,骨髓纤维化NDA获批,2026下半年,公司公告,2026-07-12,2026Q4(骨髓纤维化),2027Q1,2027下半年,骨髓纤维化NDA已受理+优先审评6-9月；拖延含发补
002653.SZ,海思科,环泊酚,亚型选择性麻醉药,手术麻醉/ICU镇静,已获批上市,海外申报,1,国内获批上市+美国III期,已兑现,美国FDA申报,2026-2027,公司公告,2026-07-12,国内已上市,2027下半年(美国),2029,国内已兑现；美国III期推进->数据->NDA->FDA审评；麻醉药FDA审评相对顺
1801.HK,信达生物,IBI363(PD-1/IL-2α),PD-1/IL-2α融合蛋白,实体瘤(免疫IO),III期(推进中),完成III期->数据->NDA->获批,4,III期推进中(全球多中心),2026-06,III期数据读出,2027-2028,公司公告+ASCO,2026-07-12,2028下半年,2029下半年,2031,III期推进中+IO竞争激烈无显著加速路径->入组2年+数据6月+NDA+优先审评9月；拖延含IL-2改造毒性
9926.HK,康方生物,卡度尼利,PD-1/CTLA-4双抗,宫颈癌/肝癌等,已获批上市,新适应症拓展,0,国内获批(宫颈癌/肝癌),已兑现,新适应症III期推进,2026-2027,公司公告,2026-07-12,已上市,已上市,已上市,核心已兑现；新适应症按III期节奏
2162.HK,康诺亚,司普奇拜单抗(CM310),IL-4Rα抗体,特应性皮炎/哮喘/鼻息肉,已获批(AD)+III期(哮喘等),新适应症NDA->获批,1,特应性皮炎获批上市,2024-09,哮喘/慢鼻窦炎III期推进,2026-2027,公司公告,2026-07-12,已上市(AD2024-09),2026下半年(哮喘),2028,AD已兑现；哮喘III期推进+突破性疗法可加速->数据->NDA->优先审评；拖延含竞品多(度普利尤)
1530.HK,三生制药,SSGJ-707,PD-1/VEGF双抗,实体瘤(IO),III期(启动中),完成III期->数据->NDA->获批,4,辉瑞60亿美元BD授权+III期启动,2026,III期入组推进/数据,2028-2029,公司公告+辉瑞,2026-07-12,2029下半年,2030下半年,2032,III期2026启动+辉瑞背书但无显著加速路径->入组2.5年+数据+NDA+审评9月；拖延含AK112竞争/III期入组慢
2096.HK,先声药业,先必新(依达拉奉右旋醇),脑卒中复方,急性缺血性脑卒中,已获批(注射剂+舌下片),新适应症拓展,0,舌下片获批(序贯疗法),2023-12,新适应症(出血性卒中)III期,2026-2027,公司公告,2026-07-12,已上市,已上市,已上市,核心已兑现；出血性卒中新适应症待III期
9966.HK,康宁杰瑞,恩沃利单抗(KN035),PD-L1单域抗体(皮下),MSI-H实体瘤,已获批上市,新适应症拓展,0,获批上市(全球首个皮下PD-L1),2021-11,新适应症推进,2026起,公司公告+先声+思路迪,2026-07-12,已上市(2021-11),已上市(2021-11),已上市(2021-11),核心已兑现；三方合作模式
2126.HK,映恩生物,DB-1303(BNT323),HER2 ADC,HER2乳腺癌,III期达终点+NDA已提交,NDA审评->获批,1,III期达主要终点+提交NDA+BioNTech合作,2026-05,NDA获批(首款商业化),2026年内,公司公告+BioNTech,2026-07-12,2026Q4,2027Q1,2027下半年,III期已达终点+NDA已提交+优先审评6-12月；拖延含发补/HER2赛道竞争激烈(Enhertu)
1952.HK,云顶新耀,耐赋康(Nefecon),布地奈德肠溶(靶向IgA肾病),IgA肾病,已获批上市+纳入医保,商业化放量,0,NMPA获批+纳入医保(2024-11),已兑现,商业化放量/新适应症,2026起,公司公告,2026-07-12,已上市(2024-11),已上市(2024-11),已上市(2024-11),核心已兑现；全球首个IgA肾病对因药；首仿药(海南合瑞)已上市竞争
1177.HK,中国生物制药,罗伐昔替尼,JAK/ROCK双靶点,纤维化/自免,III期(推进中),完成III期->数据->NDA->获批,4,III期推进中(正大天晴),2026-06,III期数据读出,2028,公司公告,2026-07-12,2029下半年,2030下半年,2032,III期推进中+纤维化无显著加速路径->入组2.5年+数据+NDA+12月；拖延含纤维化终点复杂/JAK安全性审查
1093.HK,石药集团,mRNA递送载体,mRNA疫苗/递送,肿瘤疫苗等,早期临床(I/II期),完成II期->III期->数据->NDA->获批,5,I/II期临床推进,2026-06,II期数据/III期启动,2027-2028,公司公告,2026-07-12,2031,2032,2034,早期临床+无加速路径->II期2年+III期3年+数据+NDA+12月；拖延含mRNA肿瘤疫苗历史无成药/技术不确定
