ts_code,name,industry,market,weight
603259.SH,药明康德,化学制药,主板,12.877
600276.SH,恒瑞医药,化学制药,主板,9.324
002422.SZ,科伦药业,化学制药,主板,4.425
600196.SH,复星医药,化学制药,主板,3.214
688235.SH,百济神州,生物制药,科创板,3.052
300759.SZ,康龙化成,化学制药,创业板,2.822
000963.SZ,华东医药,化学制药,主板,2.768
688578.SH,艾力斯,化学制药,科创板,2.635
000661.SZ,长春高新,生物制药,主板,2.611
002821.SZ,凯莱英,生物制药,主板,2.552
000766.SZ,通化金马,化学制药,主板,2.436
688331.SH,荣昌生物,生物制药,科创板,2.241
300142.SZ,沃森生物,生物制药,创业板,2.239
300347.SZ,泰格医药,医疗保健,创业板,2.216
688506.SH,百利天恒,化学制药,科创板,2.143
603087.SH,甘李药业,生物制药,主板,2.038
002294.SZ,信立泰,化学制药,主板,2.026
688266.SH,泽璟制药,生物制药,科创板,2.014
688180.SH,君实生物,生物制药,科创板,1.998
002653.SZ,海思科,化学制药,主板,1.884
600521.SH,华海药业,化学制药,主板,1.819
300122.SZ,智飞生物,生物制药,创业板,1.769
603127.SH,昭衍新药,医疗保健,主板,1.688
688166.SH,博瑞医药,化学制药,科创板,1.668
002007.SZ,华兰生物,生物制药,主板,1.639
002603.SZ,以岭药业,中成药,主板,1.474
300558.SZ,贝达药业,化学制药,创业板,1.446
603392.SH,万泰生物,生物制药,主板,1.431
002262.SZ,恩华药业,化学制药,主板,1.345
600380.SH,健康元,化学制药,主板,1.218
000513.SZ,丽珠集团,化学制药,主板,1.217
600535.SH,天士力,中成药,主板,1.143
600566.SH,济川药业,中成药,主板,1.103
600867.SH,通化东宝,生物制药,主板,1.075
300009.SZ,安科生物,生物制药,创业板,1.059
688278.SH,特宝生物,生物制药,科创板,1.004
688382.SH,益方生物,生物制药,科创板,0.981
600216.SH,浙江医药,化学制药,主板,0.934
300601.SZ,康泰生物,生物制药,创业板,0.926
002020.SZ,京新药业,化学制药,主板,0.881
688336.SH,三生国健,生物制药,科创板,0.865
603858.SH,步长制药,中成药,主板,0.856
002773.SZ,康弘药业,化学制药,主板,0.842
688192.SH,迪哲医药,生物制药,科创板,0.836
002019.SZ,亿帆医药,化学制药,主板,0.832
603456.SH,九洲药业,医疗保健,主板,0.734
600211.SH,西藏药业,生物制药,主板,0.676
688520.SH,神州细胞,生物制药,科创板,0.587
002755.SZ,奥赛康,化学制药,主板,0.441
