ts_code,name,管线药物,靶点/模态,当前状态,下一关键节点,预期日期,兑现状态
688506.SH,百利天恒,BL-B01D1(iza-bren/宜泽康),EGFR×HER3双抗ADC,鼻咽癌后线NDA获受理+优先审评(2026-01-20)→已获批上市,食管鳞癌/三阴性乳腺癌新适应症NDA审评,2026下半年,已兑现(2026-06-22鼻咽癌获批上市)
688506.SH,百利天恒,BL-M07D1(T-Bren),HER2 ADC,HER2乳腺癌多项III期入组推进中(2025-02获批临床/2025-05首例入组),各适应症完成入组及中期数据读出,暂无公开日期,推进中
688506.SH,百利天恒,BL-M14D1,DLL3 ADC,2026-06-05启动首项III期(BL-M14D1-LC-301 全球多中心),III期入组推进,暂无公开日期,推进中
688062.SH,迈威生物,9MW2821(Bulumtatug Fuvedotin),Nectin-4 ADC,尿路上皮癌III期入组超1900例+FDA快速通道+突破性治疗,2项适应症拟递交NDA;宫颈癌数据2026-06 ESMO GC已公布,2026年内递交NDA,推进中(节点临近)
688266.SH,泽璟制药,吉卡昔替尼(原杰克替尼),JAK抑制剂,骨髓纤维化NDA已受理;重度斑秃NDA(2026-05受理)→已获批,后续适应症商业化推广,-,已兑现(重度斑秃获批上市)
688192.SH,迪哲医药,舒沃替尼(一线),EGFR TKI,一线WU-KONG28 III期达主要终点(2026-03)+2026 ASCO公布LBA数据,国内一线适应症NDA递交,待公告,推进中(节点临近)
688382.SH,益方生物,格索雷塞(D-1553/安方宁),KRAS G12C抑制剂,NSCLC二线NDA获优先审评→已获批上市(2024-11-11)+纳入医保,后续适应症拓展/港股上市,-,已兑现(2024-11获批上市)
000766.SZ,通化金马,琥珀酸安维吖啶片(耄安通),AChE抑制剂,轻中度AD III期达主要终点→已获批上市(2025-06),商业化放量,-,已兑现(2025-06获批上市)
600276.SH,恒瑞医药,硫酸艾玛昔替尼片,JAK1抑制剂,已获批上市(2025-03)含4项适应症+2025-12纳入医保;软膏剂2026-06撤回申请,更多适应症拓展,-,已兑现(2025-03获批上市)
688443.SH,智翔金泰,GR1801(斯乐韦米单抗/金速希),狂犬病双抗,狂犬病被动免疫III期→已获批上市(2026-06-22);GR1802多项自免适应症,GR1802各适应症陆续申报上市,2026年起,已兑现(2026-06-22狂犬双抗获批)+GR1802推进中
