ts_code,name,case_id,violation_type,window_start,window_end,total_alert_days,total_alerts,alert_types,D1_days,D2_days,D3_days,D4_days,D5_days,D6_days,D7_days,D8_days,D9_days,D10_days,D11_days,D12_days,D13_days,D14_days,max_vol_ratio,max_turnover_rate,max_amplitude,min_vol_ratio_ma60,max_turnover_slope,max_days_above_ma20,max_avg_vol_ratio,risk_level,accumulation_signal
002718.SZ,友邦吊顶,20221123_王宝元,操纵市场,20200520,20200719,31,32,"D10,D11,D12,D8,D9",0,0,0,0,0,0,0,9,1,2,1,19,0,0,1.28,1.14,2.61,0.36,0.803,10,2.55,高,建仓特征显著
300341.SZ,麦迪电气,20230617_吴毅健,操纵市场,20170626,20170730,25,56,"D10,D11,D12,D13,D14",0,0,0,0,0,0,0,0,0,11,5,25,2,13,3.13,,,,0.278,10,2.51,高,建仓特征显著
002868.SZ,绿康生化,20240816_刘惠忠,操纵市场,20210314,20210420,22,37,"D10,D11,D12,D14,D9",0,0,0,0,0,0,0,0,2,4,2,12,0,17,3.45,,,,0.327,10,2.55,高,建仓特征显著
300289.SZ,利德曼,20240105_谭存灵、陈斌、单凯,操纵市场,20170220,20170322,22,28,"D10,D12,D13,D9",0,0,0,0,0,0,0,0,1,9,0,15,3,0,1.35,,,,,8,1.73,高,建仓特征显著
600307.SH,酒钢宏兴,20230519_任良成,操纵市场,20150329,20150428,21,55,"D10,D11,D12,D14,D9",0,0,0,0,0,0,0,0,1,7,5,21,0,21,7.23,,,,0.834,10,2.46,高,建仓特征显著
603055.SH,台华新材,20221212_陈霄,操纵市场,20190906,20191011,20,43,"D10,D11,D12,D13,D14,D9",0,0,0,0,0,0,0,0,1,8,2,20,4,8,4.08,,,,0.514,10,3.13,高,建仓特征显著
002858.SZ,力盛体育,20230816_赖登练,操纵市场,20191219,20200117,19,26,"D10,D11,D12,D13,D9",0,0,0,0,0,0,0,0,1,5,2,16,2,0,1.27,,,,0.524,9,1.49,高,建仓特征显著
300378.SZ,鼎捷软件,20211202_潘日忠,操纵市场,20190227,20190329,19,29,"D10,D12,D14,D9",0,0,0,0,0,0,0,0,1,1,0,15,0,12,2.47,,,,,10,1.81,高,建仓特征显著
603178.SH,圣龙股份,20211213_郑德胜,操纵市场,20190203,20190305,19,27,"D10,D11,D12,D14,D9",0,0,0,0,0,0,0,0,2,1,2,16,0,6,2.92,,,,2.083,8,1.89,高,建仓特征显著
603822.SH,嘉澳环保,20211202_潘日忠,操纵市场,20181230,20190129,19,29,"D10,D12,D13,D14,D9",0,0,0,0,0,0,0,0,1,7,0,17,1,3,2.59,,,,,9,2.42,高,建仓特征显著
603985.SH,恒润股份,20240115_张顺平,操纵市场,20180318,20180422,19,40,"D10,D11,D12,D14,D9",0,0,0,0,0,0,0,0,2,3,5,19,0,11,4.85,,,,2.239,10,3.28,高,建仓特征显著
600243.SH,青海华鼎,20221212_陈霄,操纵市场,20190228,20190330,18,23,"D10,D12,D14,D9",0,0,0,0,0,0,0,0,2,2,0,16,0,3,2.31,,,,,9,1.64,高,建仓特征显著
600488.SH,天药股份,20230617_吴毅健,操纵市场,20180305,20180404,18,27,"D10,D12,D13,D14,D9",0,0,0,0,0,0,0,0,2,5,0,15,1,4,2.54,,,,,9,3.05,高,建仓特征显著
002403.SZ,爱仕达,20240511_郑永添、朱阳、林进叠、林政清、陈泽鑫、蒲秀鹏、罗健灿、杭启飞,操纵市场,20220411,20220511,17,25,"D10,D11,D12,D14,D9",0,0,0,0,0,0,0,0,1,2,3,11,0,8,3.32,,,,1.114,9,2.72,高,建仓特征显著
603586.SH,金麒麟,20240115_张顺平,操纵市场,20170807,20170910,17,28,"D10,D11,D12,D13,D9",0,0,0,0,0,0,0,0,2,7,3,11,5,0,1.42,,,,0.529,10,2.25,高,建仓特征显著
603809.SH,豪能股份,20221212_陈霄,操纵市场,20190828,20190927,17,31,"D11,D12,D14,D9",0,0,0,0,0,0,0,0,2,0,5,14,0,10,3.64,,,,1.3,9,2.26,高,建仓特征显著
002760.SZ,凤形股份,20230714_陈维新、张兆阳、朱瑞、李卫卫、朱一栋,操纵市场,20170917,20171021,15,19,"D12,D8,D9",0,0,0,0,0,0,0,8,2,0,0,9,0,0,2.13,1.03,2.16,0.2,,6,1.55,高,建仓特征显著
300119.SZ,瑞普生物,20211202_潘日忠,操纵市场,20190317,20190416,15,18,"D12,D14",0,0,0,0,0,0,0,0,0,0,0,8,0,10,3.85,,,,,7,1.56,高,疑似建仓
603665.SH,康隆达,20240115_张顺平,操纵市场,20170905,20171008,15,16,"D10,D12",0,0,0,0,0,0,0,0,0,1,0,15,0,0,,,,,,9,2.03,高,疑似建仓
603721.SH,中广天择,20230617_吴毅健,操纵市场,20180226,20180401,15,22,"D10,D11,D12,D14",0,0,0,0,0,0,0,0,0,3,3,15,0,1,2.2,,,,0.999,10,1.89,高,建仓特征显著
300486.SZ,东杰智能,20241022,操纵市场,20190906,20191010,14,22,"D10,D11,D12,D14,D9",0,0,0,0,0,0,0,0,1,3,6,10,0,2,2.14,,,,0.247,9,1.94,高,建仓特征显著
600306.SH,商业城,20221212_陈霄,操纵市场,20200219,20200320,14,19,"D10,D11,D12,D14,D9",0,0,0,0,0,0,0,0,1,1,2,12,0,3,2.43,,,,0.573,9,2.12,高,建仓特征显著
600833.SH,第一医药,20210707_袁渊,操纵市场,20180405,20180502,14,16,"D10,D11,D12,D14,D8,D9",0,0,0,0,0,0,0,2,2,1,1,5,0,5,2.77,0.16,1.7,0.31,0.201,8,2.75,高,建仓特征显著
002721.SZ,金一文化,20231023_胡宇、钟葱、李卫卫、朱一栋,操纵市场,20171122,20171222,13,17,"D10,D11,D12,D14",0,0,0,0,0,0,0,0,0,2,2,5,0,8,2.41,,,,0.27,7,2.09,高,建仓特征显著
600633.SH,浙数文化,20230606_俞国生、张一苗,操纵市场,20161016,20161115,13,21,"D10,D12,D13,D9",0,0,0,0,0,0,0,0,3,4,0,12,2,0,1.35,,,,,9,1.8,高,建仓特征显著
600793.SH,宜宾纸业,20221123_王宝元,操纵市场,20200413,20200517,13,14,"D11,D12,D9",0,0,0,0,0,0,0,0,1,0,2,11,0,0,1.22,,,,0.645,7,1.6,高,建仓特征显著
603159.SH,上海亚虹,20240115_张顺平,操纵市场,20180222,20180329,13,17,"D11,D12,D9",0,0,0,0,0,0,0,0,3,0,3,11,0,0,1.48,,,,1.157,8,1.9,高,建仓特征显著
603239.SH,浙江仙通,20221212_陈霄,操纵市场,20190526,20190625,13,14,"D11,D12,D9",0,0,0,0,0,0,0,0,1,0,1,12,0,0,1.23,,,,1.206,9,2.0,高,建仓特征显著
603758.SH,秦安股份,20240115_张顺平,操纵市场,20180226,20180401,13,23,"D10,D11,D12,D14",0,0,0,0,0,0,0,0,0,4,6,12,0,1,2.1,,,,0.915,10,2.3,高,建仓特征显著
603767.SH,中马传动,20240115_张顺平,操纵市场,20180219,20180325,13,17,"D10,D11,D12,D9",0,0,0,0,0,0,0,0,2,2,3,10,0,0,2.14,,,,0.587,9,1.76,高,建仓特征显著
603908.SH,牧高笛,20221212_陈霄,操纵市场,20190331,20190430,13,19,"D10,D12,D13,D14",0,0,0,0,0,0,0,0,0,1,0,13,1,4,2.72,,,,,10,1.56,高,建仓特征显著
002679.SZ,福建金森,20210823_高鹏,操纵市场,20180924,20181028,12,13,"D10,D12,D9",0,0,0,0,0,0,0,0,1,2,0,10,0,0,2.38,,,,,10,1.7,高,建仓特征显著
300495.SZ,美尚生态,20240116_王迎燕、季云,操纵市场,20180528,20180701,12,23,"D10,D12,D14,D9",0,0,0,0,0,0,0,0,2,2,0,11,0,8,2.19,,,,,7,1.81,高,建仓特征显著
601226.SH,华电重工,20230617_吴毅健,操纵市场,20171022,20171121,12,23,"D10,D11,D12,D13,D9",0,0,0,0,0,0,0,0,2,6,2,10,3,0,1.64,,,,0.203,10,2.16,高,建仓特征显著
603926.SH,铁流股份,20240115_张顺平,操纵市场,20170731,20170903,12,16,"D11,D12,D9",0,0,0,0,0,0,0,0,2,0,4,10,0,0,1.42,,,,1.81,9,2.2,高,建仓特征显著
600587.SH,新华医疗,20210707_袁渊,操纵市场,20180313,20180410,11,14,"D10,D11,D12",0,0,0,0,0,0,0,0,0,1,2,11,0,0,,,,,0.168,9,2.46,高,建仓特征显著
600719.SH,大连热电,20221123_王宝元,操纵市场,20200312,20200411,11,17,"D11,D12,D14",0,0,0,0,0,0,0,0,0,0,4,9,0,4,2.4,,,,0.781,9,2.24,高,建仓特征显著
600735.SH,新华锦,20240508_姜新、陈征、谢刚,操纵市场,20160627,20160727,11,11,"D12,D14",0,0,0,0,0,0,0,0,0,0,0,8,0,3,2.22,,,,,8,1.53,高,疑似建仓
601113.SH,华鼎股份,20210720_吴国荣,操纵市场,20170714,20170811,11,17,"D10,D12,D13",0,0,0,0,0,0,0,0,0,5,0,11,1,0,,,,,,9,1.94,高,建仓特征显著
603090.SH,宏盛股份,20221212_陈霄,操纵市场,20190717,20190819,11,21,"D10,D11,D12,D14,D9",0,0,0,0,0,0,0,0,1,2,3,10,0,5,3.03,,,,1.506,9,2.74,高,建仓特征显著
603303.SH,得邦照明,20221212_唐隆、朱卫,操纵市场,20180507,20180604,11,13,"D10,D12,D9",0,0,0,0,0,0,0,0,3,4,0,6,0,0,1.91,,,,,8,1.61,高,建仓特征显著
603319.SH,湘油泵,20240531_宋晓平,操纵市场,20170529,20170628,11,17,"D10,D11,D12,D14",0,0,0,0,0,0,0,0,0,1,2,11,0,3,2.64,,,,2.235,10,2.97,高,建仓特征显著
603577.SH,汇金通,20221228_李卫卫,操纵市场,20170220,20170326,11,11,D12,0,0,0,0,0,0,0,0,0,0,0,11,0,0,,,,,,10,1.97,高,疑似建仓
002647.SZ,仁东控股,20210923_景华,操纵市场,20190520,20190623,10,11,"D8,D9",0,0,0,0,0,0,0,9,2,0,0,0,0,0,1.87,0.15,1.65,0.07,,0,,高,疑似建仓
601368.SH,绿城水务,20221123_王宝元,操纵市场,20200420,20200524,10,12,"D11,D12",0,0,0,0,0,0,0,0,0,0,3,9,0,0,,,,,0.355,6,2.14,高,疑似建仓
601518.SH,吉林高速,20221123_王宝元,操纵市场,20200119,20200218,10,16,"D10,D12,D13,D9",0,0,0,0,0,0,0,0,2,4,0,8,2,0,1.64,,,,,8,1.69,高,建仓特征显著
603058.SH,永吉股份,20221212_陈霄,操纵市场,20200330,20200429,10,13,"D10,D11,D12",0,0,0,0,0,0,0,0,0,2,1,10,0,0,,,,,0.416,9,2.79,高,建仓特征显著
603116.SH,红蜻蜓,20240115_张顺平,操纵市场,20170709,20170812,10,13,"D10,D11,D12,D9",0,0,0,0,0,0,0,0,2,2,1,8,0,0,1.47,,,,0.231,6,1.7,高,建仓特征显著
603321.SH,梅轮电梯,20211214_胡侃,操纵市场,20190109,20190208,10,19,"D11,D12,D14",0,0,0,0,0,0,0,0,0,0,3,9,0,7,3.23,,,,2.813,9,2.53,高,建仓特征显著
002780.SZ,三夫户外,20230201_易伟,操纵市场,20181017,20181108,9,9,"D14,D9",0,0,0,0,0,0,0,0,2,0,0,0,0,7,2.17,,,,,0,,高,疑似建仓
600561.SH,江西长运,20221212_陈霄,操纵市场,20191110,20191210,9,12,"D10,D11,D12",0,0,0,0,0,0,0,0,0,3,2,7,0,0,,,,,0.335,9,2.16,高,建仓特征显著
603389.SH,亚振家居,20211213_郑德胜,操纵市场,20180412,20180512,9,11,"D10,D11,D12,D9",0,0,0,0,0,0,0,0,1,3,1,6,0,0,1.22,,,,0.454,8,1.68,高,建仓特征显著
603617.SH,君禾股份,20220228_欧鹏宇,操纵市场,20190303,20190402,9,19,"D10,D12,D14,D9",0,0,0,0,0,0,0,0,2,2,0,9,0,6,2.15,,,,,9,1.43,高,建仓特征显著
603677.SH,奇精机械,20221212_陈霄,操纵市场,20190708,20190806,9,20,"D11,D12",0,0,0,0,0,0,0,0,0,0,2,18,0,0,,,,,1.047,8,1.86,高,疑似建仓
603958.SH,哈森股份,20221123_王宝元,操纵市场,20200518,20200616,9,10,"D11,D12",0,0,0,0,0,0,0,0,0,0,3,7,0,0,,,,,0.754,6,2.13,高,疑似建仓
002713.SZ,东易日盛,20240511_郑永添、朱阳、林进叠、林政清、陈泽鑫、蒲秀鹏、罗健灿、杭启飞,操纵市场,20220420,20220520,8,13,"D10,D11,D12,D14",0,0,0,0,0,0,0,0,0,1,1,8,0,3,2.76,,,,0.823,8,2.61,高,建仓特征显著
002776.SZ,柏堡龙,20230518_陈娜娜、杨杰、郑慧,操纵市场,20180621,20180720,8,15,"D10,D11,D12,D9",0,0,0,0,0,0,0,0,2,4,4,5,0,0,2.21,,,,0.233,8,2.1,高,建仓特征显著
300587.SZ,天铁股份,20211202_潘日忠,操纵市场,20181204,20190103,8,12,"D10,D11,D12,D9",0,0,0,0,0,0,0,0,3,5,2,2,0,0,1.85,,,,0.471,7,1.84,高,建仓特征显著
600982.SH,宁波能源,20221123_王宝元,操纵市场,20200428,20200528,8,10,"D10,D12",0,0,0,0,0,0,0,0,0,4,0,6,0,0,,,,,,9,2.03,高,疑似建仓
603578.SH,三星新材,20220421_胡海洋,操纵市场,20170313,20170413,8,8,"D10,D11,D12,D9",0,0,0,0,0,0,0,0,1,2,3,2,0,0,1.99,,,,6.295,5,1.55,高,建仓特征显著
000985.SZ,大庆华科,20221123_王宝元,操纵市场,20200618,20200718,7,11,"D10,D11,D12",0,0,0,0,0,0,0,0,0,1,3,7,0,0,,,,,0.28,10,1.72,高,建仓特征显著
300509.SZ,新美星,20230411_何德平等5人,操纵市场,20180911,20181010,7,10,"D10,D11,D12,D9",0,0,0,0,0,0,0,0,1,2,1,6,0,0,1.73,,,,0.441,9,1.65,高,建仓特征显著
300605.SZ,恒锋信息,20230617_吴毅健,操纵市场,20181114,20181214,7,14,"D10,D11,D12,D13,D9",0,0,0,0,0,0,0,0,1,3,2,7,1,0,1.7,,,,0.404,9,2.03,高,建仓特征显著
600333.SH,长春燃气,20230427_吕美庆、周学良、黄亮,操纵市场,20170124,20170222,7,17,"D11,D12,D14,D9",0,0,0,0,0,0,0,0,1,0,5,6,0,5,4.02,,,,1.864,9,3.28,高,建仓特征显著
603238.SH,诺邦股份,20211213_郑德胜,操纵市场,20181206,20190106,7,9,"D10,D12,D9",0,0,0,0,0,0,0,0,1,1,0,7,0,0,1.22,,,,,6,1.8,高,建仓特征显著
603518.SH,维格娜丝,20240115_张顺平,操纵市场,20170710,20170813,7,13,"D10,D11,D12,D9",0,0,0,0,0,0,0,0,1,3,3,6,0,0,1.23,,,,0.273,8,1.83,高,建仓特征显著
000032.SZ,深桑达A,20230617_吴毅健,操纵市场,20180518,20180621,6,8,"D10,D11,D12,D13",0,0,0,0,0,0,0,0,0,2,1,4,1,0,,,,,0.151,10,1.39,中,建仓特征显著
300250.SZ,初灵信息,20230617_吴毅健,操纵市场,20180924,20181024,6,11,"D10,D11,D12",0,0,0,0,0,0,0,0,0,3,4,4,0,0,,,,,0.201,9,1.65,中,建仓特征显著
603136.SH,天目湖,20221212_陈霄,操纵市场,20190719,20190816,6,10,"D11,D12,D9",0,0,0,0,0,0,0,0,1,0,5,4,0,0,1.32,,,,1.306,8,2.25,中,建仓特征显著
603823.SH,百合花,20210916_高宗一,操纵市场,20180716,20180819,6,6,D8,0,0,0,0,0,0,0,6,0,0,0,0,0,0,,1.17,2.96,0.27,,0,,中,疑似建仓
603828.SH,柯利达,20240531_冯越峰,操纵市场,20171120,20171220,6,7,"D10,D8,D9",0,0,0,0,0,0,0,5,1,1,0,0,0,0,1.44,0.64,1.53,0.23,,0,1.75,中,建仓特征显著
000150.SZ,宜华健康,20220822_宜华集团、刘绍喜等6名责任主体,操纵市场,20170703,20170804,5,5,"D12,D9",0,0,0,0,0,0,0,0,2,0,0,3,0,0,1.5,,,,,5,1.31,中,疑似建仓
002044.SZ,美年健康,20211122_俞建午,操纵市场,20190708,20190818,5,5,D12,0,0,0,0,0,0,0,0,0,0,0,5,0,0,,,,,,8,1.36,中,疑似建仓
600853.SH,龙建股份,20230617_吴毅健,操纵市场,20170807,20170910,5,6,"D10,D11,D9",0,0,0,0,0,0,0,0,3,2,1,0,0,0,1.68,,,,0.169,0,1.6,中,建仓特征显著
603036.SH,如通股份,20221212_陈霄,操纵市场,20190809,20190906,5,5,"D12,D9",0,0,0,0,0,0,0,0,1,0,0,4,0,0,1.94,,,,,8,2.01,中,疑似建仓
603286.SH,日盈电子,20240531_冯越峰、宋晓平,操纵市场,20170801,20170901,5,5,"D10,D12",0,0,0,0,0,0,0,0,0,1,0,4,0,0,,,,,,10,1.6,中,疑似建仓
002730.SZ,电光科技,20240301_王斌,操纵市场,20201130,20201230,4,4,"D8,D9",0,0,0,0,0,0,0,3,1,0,0,0,0,0,1.3,0.99,2.46,0.3,,0,,中,疑似建仓
603139.SH,康惠制药,20240531_冯越峰,操纵市场,20170611,20170711,4,6,"D10,D12,D13,D9",0,0,0,0,0,0,0,0,1,1,0,3,1,0,1.82,,,,,7,2.01,中,建仓特征显著
603222.SH,济民制药,20230307_费林军、陆杰,操纵市场,20170314,20170413,4,4,"D8,D9",0,0,0,0,0,0,0,3,1,0,0,0,0,0,1.25,1.18,1.88,0.37,,0,,中,疑似建仓
603877.SH,太平鸟,20240115_张顺平,操纵市场,20170611,20170715,4,4,"D10,D9",0,0,0,0,0,0,0,0,2,2,0,0,0,0,1.4,,,,,0,1.87,中,疑似建仓
002418.SZ,康盛股份,20240531_冯越峰,操纵市场,20170709,20170808,3,3,"D11,D9",0,0,0,0,0,0,0,0,1,0,2,0,0,0,1.34,,,,0.3,0,,低,疑似建仓
002885.SZ,康惠制药,20211213_王小强,操纵市场,20170628,20170728,3,3,"D11,D9",0,0,0,0,0,0,0,0,1,0,2,0,0,0,1.41,,,,5.83,0,,低,疑似建仓
002969.SZ,昇兴股份,20221102_林永贤、陈宪生、孙磊、徐骏,操纵市场,20191125,20191223,3,3,D11,0,0,0,0,0,0,0,0,0,0,3,0,0,0,,,,,8.947,0,,低,疑似建仓
300175.SZ,朗源股份,20240715_高飞、龙杰、尤立峰,操纵市场,20190911,20191015,3,3,"D12,D9",0,0,0,0,0,0,0,0,1,0,0,2,0,0,1.3,,,,,5,1.37,低,疑似建仓
600807.SH,ST天业,20220908_盛投和、李佰奇、宋志强,操纵市场,20180725,20180828,3,3,"D10,D9",0,0,0,0,0,0,0,0,1,2,0,0,0,0,1.36,,,,,0,1.24,低,疑似建仓
603218.SH,日月股份,20240115_张顺平,操纵市场,20170705,20170808,3,3,"D10,D12",0,0,0,0,0,0,0,0,0,1,0,2,0,0,,,,,,7,1.52,低,疑似建仓
002321.SZ,华英农业,20240429_张智,操纵市场,20170402,20170502,2,2,"D11,D9",0,0,0,0,0,0,0,0,1,0,1,0,0,0,1.47,,,,0.487,0,,低,疑似建仓
002856.SZ,美芝股份,20240531_冯越峰、宋晓平,操纵市场,20170320,20170420,2,2,D11,0,0,0,0,0,0,0,0,0,0,2,0,0,0,,,,,6.22,0,,低,疑似建仓
603637.SH,镇海股份,20240531_冯越峰、宋晓平,操纵市场,20170305,20170405,1,1,D9,0,0,0,0,0,0,0,0,1,0,0,0,0,0,1.31,,,,,0,,低,疑似建仓
