ts_code,start_date,end_date,name,case_id,violation_type
000032.SZ,20170805,20170924,深桑达,〔2023〕44号,操纵市场
000530.SZ,20220521,20220710,冰山冷热,〔2024〕29号,内幕交易
000538.SZ,20180717,20180905,云南白药,〔2021〕17号,操纵市场
000659.SZ,20150809,20150928,*ST中富,〔2021〕93号、〔2021〕94号,操纵市场
000683.SZ,20170501,20170620,远兴能源,〔2023〕36号,操纵市场
000703.SZ,20171119,20180108,恒逸石化,〔2024〕3号、〔2024〕4号、〔2024〕5号,操纵市场
000723.SZ,20150429,20150618,美锦能源,〔2023〕36号,操纵市场
000812.SZ,20181022,20181211,陕西金叶,〔2023〕8号,操纵市场
000903.SZ,20200211,20200401,云内动力,〔2021〕101号、〔2021〕102号,操纵市场
000958.SZ,20190119,20190310,东方能源,〔2021〕119号、〔2021〕120号、〔2021〕122号,操纵市场
000985.SZ,20200603,20200723,大庆华科,〔2022〕64号,操纵市场
000990.SZ,20190209,20190331,诚志股份,〔2021〕47号,操纵市场
002044.SZ,20190630,20190819,美年健康,〔2021〕105号,操纵市场
002093.SZ,20150815,20151004,国脉科技,〔2023〕36号,操纵市场
002147.SZ,20171119,20180108,新光圆成,〔2021〕111号,操纵市场
002178.SZ,20171121,20180110,延华智能,〔2023〕17号,操纵市场
002319.SZ,20180620,20180809,乐通股份,〔2021〕45号,操纵市场
002331.SZ,20180908,20181028,皖通科技,〔2021〕4号,操纵市场
002403.SZ,20220327,20220516,爱仕达,〔2024〕47号,操纵市场
002418.SZ,20170624,20170813,康盛股份,〔2024〕53号,操纵市场
002464.SZ,20171001,20171120,众应互联,〔2021〕5号,操纵市场
002493.SZ,20230109,20230228,荣盛石化,〔2024〕59号、〔2024〕60号、〔2024〕62号,操纵市场
002711.SZ,20180428,20180617,欧浦智网,〔2021〕97号,操纵市场
002713.SZ,20220405,20220525,东易日盛,〔2024〕47号,操纵市场
002752.SZ,20191110,20191230,昇兴股份,〔2022〕61号,操纵市场
002890.SZ,20180228,20180419,弘宇股份,〔2021〕38号,操纵市场
300119.SZ,20190302,20190421,瑞普生物,〔2021〕116号,操纵市场
300125.SZ,20220521,20220710,聆达股份,〔2024〕48号,内幕交易
300250.SZ,20170711,20170830,初灵信息,〔2023〕44号,操纵市场
300256.SZ,20211018,20211207,*ST星星,〔2024〕17号,操纵市场
300263.SZ,20170617,20170806,隆华节能,〔2023〕36号,操纵市场
300313.SZ,20200720,20200908,天山生物,〔2021〕76号,操纵市场
300341.SZ,20170610,20170730,麦迪电气,〔2023〕44号,操纵市场
300343.SZ,20210612,20210801,联创股份,〔2024〕7号,操纵市场
300378.SZ,20190212,20190403,鼎捷软件,〔2021〕116号,操纵市场
300587.SZ,20181119,20190108,天铁股份,〔2021〕116号,操纵市场
300605.SZ,20171203,20180122,恒锋信息,〔2023〕44号,操纵市场
600116.SH,20181225,20190213,三峡水利,〔2023〕13号、〔2023〕14号、〔2023〕15号、〔2023〕16号,操纵市场
600211.SH,20200425,20200614,西藏药业,〔2023〕22号、〔2023〕23号,操纵市场
600243.SH,20190213,20190404,青海华鼎,,操纵市场
600251.SH,20170628,20170817,冠农股份,〔2023〕36号,操纵市场
600281.SH,20150516,20150705,太化股份,〔2023〕36号,操纵市场
600300.SH,20170911,20171031,维维股份,〔2023〕36号,操纵市场
600306.SH,20200204,20200325,商业城,,操纵市场
600307.SH,20150314,20150503,酒钢宏兴,〔2023〕36号,操纵市场
600333.SH,20170109,20170228,长春燃气,〔2023〕33号,操纵市场
600488.SH,20180318,20180507,天药股份,〔2023〕44号,操纵市场
600561.SH,20191026,20191215,江西长运,,操纵市场
600587.SH,20180225,20180416,新华医疗,〔2021〕49号,操纵市场
600719.SH,20200226,20200416,大连热电,〔2022〕64号,操纵市场
600793.SH,20200328,20200517,宜宾纸业,〔2022〕64号,操纵市场
600853.SH,20181020,20181209,龙建股份,〔2023〕44号,操纵市场
600982.SH,20200413,20200602,宁波热电,〔2022〕64号,操纵市场
601226.SH,20180818,20181007,华电重工,〔2023〕44号,操纵市场
601368.SH,20200407,20200527,绿城水务,〔2022〕64号,操纵市场
603007.SH,20161106,20161226,花王股份,〔2024〕22号,内幕交易
603008.SH,20180909,20181029,喜临门,〔2021〕72号,操纵市场
603036.SH,20190724,20190912,如通股份,,操纵市场
603042.SH,20230128,20230319,华脉科技,〔2024〕88号,操纵市场
603055.SH,20190821,20191010,台华新材,,操纵市场
603058.SH,20200315,20200504,永吉股份,,操纵市场
603090.SH,20190701,20190820,宏盛股份,,操纵市场
603116.SH,20170624,20170813,红蜻蜓,〔2024〕6号,操纵市场
603136.SH,20190703,20190822,天目湖,,操纵市场
603139.SH,20170527,20170716,康惠制药,〔2021〕123号、〔2024〕53号,操纵市场
603159.SH,20180204,20180326,上海亚虹,〔2024〕6号,操纵市场
603178.SH,20190119,20190310,圣龙股份,〔2021〕124号,操纵市场
603218.SH,20170620,20170809,日月股份,〔2024〕6号,操纵市场
603238.SH,20181121,20190110,诺邦股份,〔2021〕124号,操纵市场
603239.SH,20190511,20190630,浙江仙通,,操纵市场
603286.SH,20170717,20170905,日盈电子,〔2024〕55号,操纵市场
603319.SH,20170514,20170703,湘油泵,〔2024〕54号,操纵市场
603321.SH,20181225,20190213,梅轮电梯,〔2021〕127号,操纵市场
603388.SH,20170526,20170715,元成股份,〔2021〕84号,内幕交易
603518.SH,20170625,20170814,维格娜丝,〔2024〕6号,操纵市场
603555.SH,20150415,20150604,贵人鸟,〔2023〕36号,操纵市场
603577.SH,20170204,20170326,汇金通,,操纵市场
603586.SH,20170723,20170911,金麒麟,〔2024〕6号,操纵市场
603613.SH,20201212,20210131,国联股份,〔2022〕45号,操纵市场
603665.SH,20170821,20171010,康隆达,〔2024〕6号,操纵市场
603677.SH,20190622,20190811,奇精机械,,操纵市场
603679.SH,20170618,20170807,华体科技,〔2024〕55号,操纵市场
603721.SH,20180217,20180408,中广天择,〔2023〕44号,操纵市场
603758.SH,20180204,20180326,秦安股份,〔2024〕6号,操纵市场
603767.SH,20180204,20180326,中马传动,〔2024〕6号,操纵市场
603809.SH,20190813,20191002,豪能股份,,操纵市场
603822.SH,20181215,20190203,嘉澳环保,〔2021〕116号,操纵市场
603877.SH,20170527,20170716,太平鸟,〔2024〕6号,操纵市场
603908.SH,20190316,20190505,牧高笛,,操纵市场
603926.SH,20170716,20170904,铁流股份,〔2024〕6号,操纵市场
603937.SH,20200223,20200413,丽岛新材,〔2023〕49号,操纵市场
603985.SH,20180204,20180326,恒润股份,〔2024〕6号,操纵市场
688068.SH,20201121,20210110,热景生物,〔2022〕42号、〔2022〕43号,操纵市场
