ts_code,start_date,end_date,name,case_id,violation_type
000001.SZ,20190408,20200520,平安银行,〔2022〕38号,操纵市场
000032.SZ,20170904,20170922,深桑达,〔2023〕44号,操纵市场
000150.SZ,20170720,20190315,宜华健康,〔2022〕44号,操纵市场
000530.SZ,20220620,20220803,冰山冷热,〔2024〕29号,内幕交易
000537.SZ,20150703,20151231,广宇发展,〔2023〕36号,操纵市场
000538.SZ,20180816,20180912,云南白药,〔2021〕17号,操纵市场
000587.SZ,20200526,20201218,*ST金洲,〔2024〕58号,操纵市场
000659.SZ,20150908,20151015,*ST中富,〔2021〕93号、〔2021〕94号,操纵市场
000673.SZ,20170823,20180815,当代东方,〔2023〕54号,操纵市场
000683.SZ,20170531,20170714,远兴能源,〔2023〕36号,操纵市场
000703.SZ,20171219,20180104,恒逸石化,〔2024〕3号、〔2024〕4号、〔2024〕5号,操纵市场
000723.SZ,20150529,20150612,美锦能源,〔2023〕36号,操纵市场
000753.SZ,20150703,20151231,漳州发展,〔2023〕36号,操纵市场
000812.SZ,20181121,20190321,陕西金叶,〔2023〕8号,操纵市场
000836.SZ,20161107,20180509,鑫茂科技,〔2022〕24号、〔2022〕25号、〔2022〕26号、〔2024〕64号,操纵市场
000903.SZ,20200312,20200401,云内动力,〔2021〕101号、〔2021〕102号,操纵市场
000958.SZ,20190218,20190322,东方能源,〔2021〕119号、〔2021〕120号、〔2021〕122号,操纵市场
000985.SZ,20200703,20201029,大庆华科,〔2022〕64号,操纵市场
000990.SZ,20190311,20190311,诚志股份,〔2021〕47号,操纵市场
002044.SZ,20190730,20191027,美年健康,〔2021〕105号,操纵市场
002061.SZ,20170825,20190111,浙江交科,〔2023〕40号,操纵市场
002093.SZ,20150914,20151231,国脉科技,〔2023〕36号,操纵市场
002133.SZ,20150703,20151231,广宇集团,〔2023〕36号,操纵市场
002147.SZ,20171219,20180116,新光圆成,〔2021〕111号,操纵市场
002178.SZ,20171221,20180205,延华智能,〔2023〕17号,操纵市场
002220.SZ,20150703,20151231,天宝股份,〔2023〕36号,操纵市场
002319.SZ,20180720,20180824,乐通股份,〔2021〕45号,操纵市场
002321.SZ,20170417,20180130,华英农业,〔2024〕44号,操纵市场
002331.SZ,20181008,20181127,皖通科技,〔2021〕4号,操纵市场
002358.SZ,20180307,20190227,森源电气,〔2023〕77号,操纵市场
002403.SZ,20220426,20220506,爱仕达,〔2024〕47号,操纵市场
002408.SZ,20170203,20171221,齐翔腾达,〔2021〕9号,操纵市场
002418.SZ,20170724,20170831,康盛股份,〔2024〕53号,操纵市场
002464.SZ,20171031,20180102,众应互联,〔2021〕5号,操纵市场
002493.SZ,20230208,20230327,荣盛石化,〔2024〕59号、〔2024〕60号、〔2024〕62号,操纵市场
002498.SZ,20150401,20151101,汉缆股份,,操纵市场
002647.SZ,20190603,20201229,仁东控股,〔2021〕78号,操纵市场
002679.SZ,20181015,20190613,福建金森,〔2021〕59号,操纵市场
002711.SZ,20180528,20180706,欧浦智网,〔2021〕97号,操纵市场
002713.SZ,20220505,20220518,东易日盛,〔2024〕47号,操纵市场
002718.SZ,20170714,20210525,友邦吊顶,〔2022〕41号、〔2022〕64号,操纵市场
002721.SZ,20171207,20180528,金一文化,〔2023〕70号,操纵市场
002730.SZ,20201012,20211117,电光科技,〔2024〕23号、〔2024〕24号,操纵市场
002752.SZ,20191210,20200325,昇兴股份,〔2022〕61号,操纵市场
002760.SZ,20171009,20180228,凤形股份,〔2023〕55号,操纵市场
002776.SZ,20180706,20190531,柏堡龙,〔2023〕37号,操纵市场
002780.SZ,20181101,20200619,三夫户外,〔2023〕5号,操纵市场
002808.SZ,20180604,20181126,恒久科技,〔2024〕82号,操纵市场
002836.SZ,20180423,20180824,新宏泽,〔2021〕48号,操纵市场
002856.SZ,20170405,20170927,美芝股份,〔2024〕55号,操纵市场
002858.SZ,20200103,20201224,力盛赛车,〔2023〕60号,操纵市场
002890.SZ,20180330,20180522,弘宇股份,〔2021〕38号,操纵市场
300074.SZ,20170724,20180626,华平股份,〔2021〕1号,操纵市场
300096.SZ,20181119,20190328,易联众,〔2022〕31号,操纵市场
300110.SZ,20170419,20180131,华仁药业,〔2021〕27号,操纵市场
300119.SZ,20190401,20190522,瑞普生物,〔2021〕116号,操纵市场
300125.SZ,20220620,20220711,聆达股份,〔2024〕48号,内幕交易
300175.SZ,20160919,20200831,朗源股份,〔2021〕30号、〔2024〕70号,操纵市场
300250.SZ,20170810,20170901,初灵信息,〔2023〕44号,操纵市场
300256.SZ,20211117,20211124,*ST星星,〔2024〕17号,操纵市场
300260.SZ,20180212,20180910,新莱应材,〔2022〕29号,操纵市场
300263.SZ,20170717,20170728,隆华节能,〔2023〕36号,操纵市场
300289.SZ,20151021,20170804,利德曼,〔2021〕24号、〔2024〕2号,操纵市场
300313.SZ,20200819,20200824,天山生物,〔2021〕76号,操纵市场
300341.SZ,20170710,20170731,麦迪电气,〔2023〕44号,操纵市场
300343.SZ,20210712,20210729,联创股份,〔2024〕7号,操纵市场
300378.SZ,20190314,20190415,鼎捷软件,〔2021〕116号,操纵市场
300400.SZ,20171106,20190429,劲拓股份,〔2023〕83号,操纵市场
300486.SZ,20190920,20230303,东杰智能,〔2024〕103号,操纵市场
300495.SZ,20180612,20200703,美尚生态,〔2024〕9号,操纵市场
300509.SZ,20180926,20190626,新美星,〔2023〕27号,操纵市场
300587.SZ,20181219,20190301,天铁股份,〔2021〕116号,操纵市场
300605.SZ,20180102,20180126,恒锋信息,〔2023〕44号,操纵市场
300651.SZ,20170904,20211231,金陵体育,〔2024〕21号、〔2024〕89号,操纵市场
430719.BJ,20140812,20150416,九鼎集团,〔2021〕8号,操纵市场
600030.SH,20190408,20200520,中信证券,〔2022〕38号,操纵市场
600116.SH,20190124,20190308,三峡水利,〔2023〕13号、〔2023〕14号、〔2023〕15号、〔2023〕16号,操纵市场
600211.SH,20200525,20200601,西藏药业,〔2023〕22号、〔2023〕23号,操纵市场
600218.SH,20150703,20151231,全柴动力,〔2023〕36号,操纵市场
600242.SH,20180209,20190116,中昌数据,〔2021〕28号,操纵市场
600243.SH,20190315,20190321,青海华鼎,,操纵市场
600246.SH,20180311,20180729,万通地产,〔2022〕5号,操纵市场
600251.SH,20170728,20171011,冠农股份,〔2023〕36号,操纵市场
600281.SH,20150615,20150703,太化股份,〔2023〕36号,操纵市场
600300.SH,20171011,20171024,维维股份,〔2023〕36号,操纵市场
600303.SH,20150703,20151231,曙光股份,〔2023〕36号,操纵市场
600306.SH,20200305,20200312,商业城,,操纵市场
600307.SH,20150413,20150514,酒钢宏兴,〔2023〕36号,操纵市场
600333.SH,20170208,20170227,长春燃气,〔2023〕33号,操纵市场
600488.SH,20180417,20180508,天药股份,〔2023〕44号,操纵市场
600561.SH,20191125,20191205,江西长运,,操纵市场
600587.SH,20180327,20180409,新华医疗,〔2021〕49号,操纵市场
600633.SH,20161031,20170728,浙数文化,〔2023〕40号,操纵市场
600645.SH,20151021,20160902,中源协和,〔2021〕24号,操纵市场
600719.SH,20200327,20200401,大连热电,〔2022〕64号,操纵市场
600735.SH,20160712,20180625,新华锦,〔2024〕45号,操纵市场
600793.SH,20200427,20200507,宜宾纸业,〔2022〕64号,操纵市场
600796.SH,20150703,20151231,钱江生化,〔2023〕36号,操纵市场
600797.SH,20160321,20170306,浙大网新,〔2023〕40号,操纵市场
600807.SH,20180808,20190312,ST天业,〔2022〕49号,操纵市场
600816.SH,20200415,20210717,安信信托,〔2024〕67号,内幕交易
600833.SH,20180419,20190211,第一医药,〔2021〕49号、〔2022〕7号,操纵市场
600853.SH,20181119,20181217,龙建股份,〔2023〕44号,操纵市场
600982.SH,20200513,20200529,宁波热电,〔2022〕64号,操纵市场
601113.SH,20170728,20180620,华鼎股份,〔2021〕51号,操纵市场
601226.SH,20180917,20181015,华电重工,〔2023〕44号,操纵市场
601368.SH,20200507,20200514,绿城水务,〔2022〕64号,操纵市场
601518.SH,20200203,20200611,吉林高速,〔2022〕64号,操纵市场
601966.SH,20210119,20210525,玲珑轮胎,〔2022〕41号,操纵市场
603007.SH,20161206,20170222,花王股份,〔2024〕22号,内幕交易
603008.SH,20181009,20181012,喜临门,〔2021〕72号,操纵市场
603036.SH,20190823,20190905,如通股份,,操纵市场
603042.SH,20230227,20230615,华脉科技,〔2024〕88号,操纵市场
603055.SH,20190920,20191014,台华新材,,操纵市场
603058.SH,20200414,20200420,永吉股份,,操纵市场
603077.SH,20190212,20211229,和邦生物,〔2022〕53号,操纵市场
603090.SH,20190731,20190808,宏盛股份,,操纵市场
603116.SH,20170724,20170908,红蜻蜓,〔2024〕6号,操纵市场
603136.SH,20190802,20190819,天目湖,,操纵市场
603139.SH,20170626,20170921,康惠制药,〔2021〕123号、〔2024〕53号,操纵市场
603159.SH,20180306,20180316,上海亚虹,〔2024〕6号,操纵市场
603178.SH,20190218,20190513,圣龙股份,〔2021〕124号,操纵市场
603218.SH,20170720,20170726,日月股份,〔2024〕6号,操纵市场
603222.SH,20170329,20180205,济民制药,〔2023〕17号,操纵市场
603238.SH,20181221,20190212,诺邦股份,〔2021〕124号,操纵市场
603239.SH,20190610,20190612,浙江仙通,,操纵市场
603286.SH,20170816,20170920,日盈电子,〔2024〕55号,操纵市场
603303.SH,20180522,20190326,得邦照明,,操纵市场
603319.SH,20170613,20171011,湘油泵,〔2024〕54号,操纵市场
603321.SH,20190124,20190213,梅轮电梯,〔2021〕127号,操纵市场
603388.SH,20170625,20170718,元成股份,〔2021〕84号,内幕交易
603389.SH,20180427,20180928,亚振家居,〔2021〕124号,操纵市场
603518.SH,20170725,20170914,维格娜丝,〔2024〕6号,操纵市场
603555.SH,20150515,20150529,贵人鸟,〔2023〕36号,操纵市场
603577.SH,20170306,20170424,汇金通,,操纵市场
603578.SH,20170329,20171030,三星新材,〔2022〕20号,操纵市场
603586.SH,20170822,20170922,金麒麟,〔2024〕6号,操纵市场
603613.SH,20210111,20210115,国联股份,〔2022〕45号,操纵市场
603617.SH,20190318,20190822,君禾股份,〔2022〕8号,操纵市场
603637.SH,20170320,20171011,镇海股份,〔2024〕55号,操纵市场
603638.SH,20180508,20220719,艾迪精密,〔2023〕151号,操纵市场
603665.SH,20170920,20170929,康隆达,〔2024〕6号,操纵市场
603677.SH,20190722,20190730,奇精机械,,操纵市场
603679.SH,20170718,20170817,华体科技,〔2024〕55号,操纵市场
603717.SH,20201028,20220316,天域生态,〔2024〕63号,操纵市场
603721.SH,20180319,20180413,中广天择,〔2023〕44号,操纵市场
603726.SH,20191104,20200407,朗迪集团,〔2023〕52号,操纵市场
603758.SH,20180306,20180403,秦安股份,〔2024〕6号,操纵市场
603767.SH,20180306,20180411,中马传动,〔2024〕6号,操纵市场
603809.SH,20190912,20190918,豪能股份,,操纵市场
603822.SH,20190114,20190215,嘉澳环保,〔2021〕116号,操纵市场
603823.SH,20180802,20190426,百合花,〔2021〕75号,操纵市场
603828.SH,20171205,20180702,柯利达,〔2024〕53号,操纵市场
603877.SH,20170626,20170728,太平鸟,〔2024〕6号,操纵市场
603908.SH,20190415,20190424,牧高笛,,操纵市场
603926.SH,20170815,20170825,铁流股份,〔2024〕6号,操纵市场
603937.SH,20200324,20200709,丽岛新材,〔2023〕49号,操纵市场
603958.SH,20200601,20210406,哈森股份,〔2022〕41号、〔2022〕64号,操纵市场
603985.SH,20180306,20180425,恒润股份,〔2024〕6号,操纵市场
688068.SH,20201221,20210416,热景生物,〔2022〕42号、〔2022〕43号,操纵市场
